{"width":1024,"imagePath":"Character2_tex.png","height":512,"name":"Character2","SubTexture":[{"width":181,"y":414,"height":58,"name":"rippel","x":373},{"width":689,"y":1,"height":294,"name":"chappu","x":1},{"width":220,"y":297,"height":142,"name":"ass","x":1},{"width":205,"y":1,"height":255,"name":"upper_body","x":692},{"width":148,"y":297,"height":128,"name":"left_hand1","x":223},{"width":78,"y":258,"height":136,"name":"left_hand2","x":883},{"width":162,"y":297,"height":105,"name":"Right_hand1","x":373},{"width":114,"y":297,"height":115,"name":"Right_hand2","x":537},{"width":189,"y":258,"height":210,"name":"head","x":692},{"width":16,"y":427,"height":15,"name":"Layer 1","x":353},{"width":128,"y":427,"height":72,"name":"water splat","x":223}]}