{"frameRate":24,"isGlobal":0,"armature":[{"bone":[{"name":"root","transform":{}},{"length":312,"transform":{"y":-13.25,"skX":-90,"skY":-90,"x":-0.8},"parent":"root","name":"upper_body"},{"length":722,"transform":{"y":77.6305,"skX":-60,"skY":-60,"x":-366.0053},"parent":"root","name":"chappu"},{"transform":{"y":79.15,"x":-232.75},"name":"water_drop_1","parent":"root"},{"transform":{"y":79.15,"x":-201.25},"name":"water_drop_2","parent":"root"},{"transform":{"y":78.2,"x":-134.5},"name":"water_drop_4","parent":"root"},{"transform":{"y":126.378,"x":-374.1966},"name":"splatter","parent":"root"},{"transform":{"y":80.1,"x":-164.05},"name":"water_drop_3","parent":"root"},{"transform":{"y":126.6483,"x":-363.6535},"name":"ripple","parent":"root"},{"length":147,"transform":{"y":-75.6,"skX":-129.6493,"skY":-129.6493,"x":311.9},"parent":"upper_body","name":"left_hand1"},{"length":141,"transform":{"y":91.25,"skX":61.3135,"skY":61.3135,"x":306.45},"parent":"upper_body","name":"Right_hand1"},{"transform":{"y":-5.7805,"skX":21.861,"skY":21.861,"x":294.0907},"name":"left_hand_ik","parent":"chappu"},{"length":140,"transform":{"y":-0.75,"skX":-0.6327,"skY":-0.6327,"x":340},"parent":"upper_body","name":"head"},{"transform":{"y":-1.2257,"skX":21.861,"skY":21.861,"x":675.8687},"name":"right_hand_ik","parent":"chappu"},{"length":103,"transform":{"y":2.8304,"skX":109.8671,"skY":109.8671,"x":147.5964},"parent":"left_hand1","name":"left_hand2"},{"length":116,"transform":{"y":-0.4262,"skX":-106.8506,"skY":-106.8506,"x":138.9037},"parent":"Right_hand1","name":"Right_hand2"}],"type":"Armature","frameRate":24,"animation":[{"playTimes":0,"bone":[{"rotateFrame":[],"scaleFrame":[],"name":"root","translateFrame":[{"duration":34},{"duration":3}]},{"rotateFrame":[{"curve":[0.5,0,0.5,1],"duration":18,"rotate":5},{"curve":[0.5,0,0.5,1],"duration":18,"rotate":-5},{"duration":1,"rotate":5}],"scaleFrame":[{"curve":[0.5,0,0.5,1],"duration":18},{"y":1.05,"curve":[0.5,0,0.5,1],"duration":18,"x":1.05},{"duration":1}],"name":"upper_body","translateFrame":[{"y":-2.75,"curve":[0.5,0,0.5,1],"duration":18,"x":-7.0011},{"y":1.5554,"curve":[0.5,0,0.5,1],"duration":18},{"y":-2.75,"duration":1,"x":-7.0011}]},{"rotateFrame":[{"curve":[0.5,0,0.5,1],"duration":18,"rotate":-5},{"curve":[0.5,0,0.5,1],"duration":18,"rotate":15.9151},{"duration":1,"rotate":-5}],"scaleFrame":[],"name":"chappu","translateFrame":[{"y":42.2424,"curve":[0.5,0,0.5,1],"duration":18,"x":34.178},{"y":-136.7887,"curve":[0.5,0,0.5,1],"duration":18,"x":-87.9411},{"y":42.2424,"duration":1,"x":34.178}]},{"rotateFrame":[],"scaleFrame":[],"name":"right_hand_ik","translateFrame":[{"y":1.3571,"curve":[0.5,0,0.5,1],"duration":18,"x":-74.7548},{"y":2.2381,"curve":[0.5,0,0.5,1],"duration":18,"x":-46.1879},{"y":1.3571,"curve":[0.5,0,0.5,1],"duration":1,"x":-74.7548},{"y":1.3571,"duration":0,"x":-74.7548}]},{"rotateFrame":[],"scaleFrame":[],"name":"left_hand_ik","translateFrame":[{"y":5.8674,"curve":[0.5,0,0.5,1],"duration":18,"x":13.5933},{"y":4.7474,"curve":[0.5,0,0.5,1],"duration":18,"x":-4.2457},{"y":5.8674,"duration":1,"x":13.5933}]},{"rotateFrame":[],"scaleFrame":[],"name":"Right_hand1","translateFrame":[]},{"rotateFrame":[],"scaleFrame":[],"name":"left_hand1","translateFrame":[]},{"rotateFrame":[{"curve":[0.5,0,0.5,1],"duration":18,"rotate":10.6327},{"curve":[0.5,0,0.5,1],"duration":18,"rotate":-4.3673},{"duration":1,"rotate":10.6327}],"scaleFrame":[{"curve":[0.5,0,0.5,1],"duration":18},{"y":1.1,"curve":[0.5,0,0.5,1],"duration":18,"x":1.1},{"duration":1}],"name":"head","translateFrame":[{"curve":[0.5,0,0.5,1],"duration":18,"x":-0.768},{"curve":[0.5,0,0.5,1],"duration":18,"x":-9.9846},{"duration":1,"x":-0.768}]},{"rotateFrame":[],"scaleFrame":[],"name":"left_hand2","translateFrame":[]},{"rotateFrame":[],"scaleFrame":[],"name":"Right_hand2","translateFrame":[]},{"rotateFrame":[],"scaleFrame":[{"y":3,"tweenEasing":0,"duration":4,"x":3},{"y":0.01,"tweenEasing":0,"duration":21,"x":0.01},{"y":0.01,"tweenEasing":0,"duration":1,"x":0.01},{"y":3,"duration":11,"x":3}],"name":"water_drop_1","translateFrame":[{"y":-102.0584,"tweenEasing":0,"duration":4,"x":-270.884},{"y":-26.9013,"tweenEasing":0,"duration":22,"x":-327.1555},{"y":-65.8134,"tweenEasing":0,"duration":11,"x":-195.5325},{"y":-102.0584,"duration":0,"x":-270.884}]},{"rotateFrame":[],"scaleFrame":[{"y":3,"tweenEasing":0,"duration":4,"x":3},{"y":0.01,"tweenEasing":0,"duration":21,"x":0.01},{"y":0.01,"tweenEasing":0,"duration":1,"x":0.01},{"y":2,"duration":11,"x":2}],"name":"water_drop_2","translateFrame":[{"y":-167.3949,"tweenEasing":0,"duration":4,"x":-257.5783},{"y":-96.3795,"tweenEasing":0,"duration":22,"x":-321.451},{"y":-92.0433,"tweenEasing":0,"duration":11,"x":-211.7951},{"y":-167.3949,"duration":0,"x":-257.5783}]},{"rotateFrame":[],"scaleFrame":[{"y":3,"tweenEasing":0,"duration":4,"x":3},{"y":0.01,"tweenEasing":0,"duration":21,"x":0.01},{"y":0.01,"tweenEasing":0,"duration":1,"x":0.01},{"y":3,"duration":11,"x":3}],"name":"water_drop_3","translateFrame":[{"y":-113.4565,"tweenEasing":0,"duration":4,"x":-174.5962},{"y":-15.9544,"tweenEasing":0,"duration":22,"x":-139.448},{"y":-58.1351,"tweenEasing":0,"duration":11,"x":-236.5943},{"y":-113.4565,"duration":0,"x":-174.5962}]},{"rotateFrame":[],"scaleFrame":[{"y":3,"tweenEasing":0,"duration":4,"x":3},{"y":0.01,"tweenEasing":0,"duration":21,"x":0.01},{"y":0.01,"tweenEasing":0,"duration":1,"x":0.01},{"y":3,"duration":11,"x":3}],"name":"water_drop_4","translateFrame":[{"y":-178.1253,"tweenEasing":0,"duration":4,"x":-185.0405},{"y":-108.0308,"tweenEasing":0,"duration":22,"x":-177.7254},{"y":-72.4901,"tweenEasing":0,"duration":11,"x":-242.2695},{"y":-178.1253,"duration":0,"x":-185.0405}]},{"rotateFrame":[],"scaleFrame":[{"tweenEasing":0,"duration":24},{"y":3,"tweenEasing":0,"duration":2,"x":3},{"y":0.01,"tweenEasing":0,"duration":11,"x":0.01},{"duration":0}],"name":"ripple","translateFrame":[{"y":12.4877,"tweenEasing":0,"duration":24,"x":33.0982},{"y":249.5516,"tweenEasing":0,"duration":2,"x":66.6769},{"y":-96.7786,"tweenEasing":0,"duration":11,"x":-53.5818},{"y":12.4877,"duration":0,"x":33.0982}]},{"rotateFrame":[],"scaleFrame":[{"duration":26},{"y":0.01,"tweenEasing":0,"duration":1,"x":0.01},{"y":2,"duration":10,"x":2}],"name":"splatter","translateFrame":[{"y":-110.4602,"tweenEasing":0,"duration":27,"x":-37.785},{"y":-110.4602,"tweenEasing":0,"duration":10,"x":-37.785},{"y":-33.8815,"duration":0,"x":-37.785}]}],"slot":[{"colorFrame":[],"displayFrame":[],"name":"chappu"},{"colorFrame":[],"displayFrame":[],"name":"ass"},{"colorFrame":[],"displayFrame":[],"name":"upper_body"},{"colorFrame":[],"displayFrame":[],"name":"left_hand1"},{"colorFrame":[],"displayFrame":[],"name":"left_hand2"},{"colorFrame":[],"displayFrame":[],"name":"Right_hand1"},{"colorFrame":[],"displayFrame":[],"name":"Right_hand2"},{"colorFrame":[],"displayFrame":[],"name":"head"},{"colorFrame":[],"displayFrame":[],"name":"Layer 1"},{"colorFrame":[],"displayFrame":[],"name":"Layer 11"},{"colorFrame":[],"displayFrame":[],"name":"Layer 12"},{"colorFrame":[],"displayFrame":[],"name":"Layer 13"},{"colorFrame":[{"tweenEasing":0,"duration":6},{"tweenEasing":0,"color":{"aM":75},"duration":18},{"tweenEasing":0,"color":{"aM":0},"duration":2},{"tweenEasing":0,"color":{"aM":0},"duration":11},{"duration":0}],"displayFrame":[],"name":"rippel"},{"colorFrame":[{"tweenEasing":0,"color":{"aM":0},"duration":26},{"tweenEasing":0,"color":{"aM":0},"duration":1},{"tweenEasing":0,"duration":10},{"color":{"aM":0},"duration":0}],"displayFrame":[],"name":"water splat"}],"ffd":[{"frame":[{"offset":8,"tweenEasing":0,"vertices":[-0.29,-0.27,0,0,0,0,0,0,0,0,0,0,0,0,0,0,0,0,0,0,0,0,0,0,0,0,0,0,0,0,0,0,0,0,0,0,0,0,0,0,0,0,0,0,0,0,0,0,0,0],"duration":18},{"offset":4,"tweenEasing":0,"vertices":[13.75,-21.61,0,0,4.34,-2.93,4.59,8.25,7.43,10.03,3.68,11.35,-1.38,7.75,1.79,4.73,0,0,-4.48,-5.83,-15.72,-22.14,-20.49,-27.38,-21.69,-27.53,-11.9,-23.16,-13.4,-20.3,0,0,0,0,0,0,0,0,0.53,0.54,-10.44,-24.3,-18.07,-32.37,7.44,-34.2,2.71,8.96,0.5,5.15,7.12,8.93,3.52,3.63],"duration":18},{"offset":8,"tweenEasing":null,"vertices":[-0.29,-0.27,0,0,0,0,0,0,0,0,0,0,0,0,0,0,0,0,0,0,0,0,0,0,0,0,0,0,0,0,0,0,0,0,0,0,0,0,0,0,0,0,0,0,0,0,0,0,0,0],"duration":1}],"slot":"chappu","scale":1,"offset":0,"skin":"","name":"chappu"}],"ik":[],"frame":[],"name":"animtion0","duration":37}],"ik":[{"chain":1,"bone":"Right_hand2","name":"bone_ik1","bendPositive":"false","target":"right_hand_ik"},{"chain":1,"bone":"left_hand2","name":"bone_ik","target":"left_hand_ik"}],"defaultActions":[{"gotoAndPlay":"animtion0"}],"aabb":{"width":689,"y":-548.4147102831902,"height":710.7927461784807,"x":-529.2659075132125},"slot":[{"name":"rippel","parent":"ripple","color":{}},{"z":1,"name":"chappu","parent":"chappu","color":{}},{"z":2,"name":"ass","parent":"root","color":{}},{"z":3,"name":"upper_body","parent":"upper_body","color":{}},{"z":4,"name":"left_hand1","parent":"left_hand1","color":{}},{"z":5,"name":"left_hand2","parent":"left_hand2","color":{}},{"z":6,"name":"Right_hand1","parent":"Right_hand1","color":{}},{"z":7,"name":"Right_hand2","parent":"Right_hand2","color":{}},{"z":8,"name":"head","parent":"head","color":{}},{"z":9,"name":"Layer 1","parent":"water_drop_1","color":{}},{"z":10,"name":"Layer 11","parent":"water_drop_2","color":{}},{"z":11,"name":"Layer 12","parent":"water_drop_3","color":{}},{"z":12,"name":"Layer 13","parent":"water_drop_4","color":{}},{"z":13,"name":"water splat","parent":"splatter","color":{}}],"name":"Armature","skin":[{"slot":[{"display":[{"path":"left_hand1","type":"image","name":"left_hand1","transform":{"y":3.4998,"skX":-140.3507,"skY":-140.3507,"x":72.7137}}],"name":"left_hand1"},{"display":[{"path":"Layer 1","type":"image","name":"Layer 1","transform":{}}],"name":"Layer 12"},{"display":[{"path":"rippel","type":"image","name":"rippel","transform":{}}],"name":"rippel"},{"display":[{"path":"head","type":"image","name":"head","transform":{"y":-1.5534,"skX":90.6327,"skY":90.6327,"x":90.1874}}],"name":"head"},{"display":[{"path":"Layer 1","type":"image","name":"Layer 1","transform":{}}],"name":"Layer 1"},{"display":[{"path":"Right_hand2","type":"image","name":"Right_hand2","transform":{"y":-1.2428,"skX":135.5371,"skY":135.5371,"x":59.3137}}],"name":"Right_hand2"},{"display":[{"path":"upper_body","type":"image","name":"upper_body","transform":{"y":-3.2828,"skX":90,"skY":90,"x":221.5965}}],"name":"upper_body"},{"display":[{"path":"Layer 1","type":"image","name":"Layer 1","transform":{}}],"name":"Layer 13"},{"display":[{"path":"ass","type":"image","name":"ass","transform":{"y":-68.1578,"x":4.0582}}],"name":"ass"},{"display":[{"path":"Layer 1","type":"image","name":"Layer 1","transform":{}}],"name":"Layer 11"},{"display":[{"path":"water splat","type":"image","name":"water splat","transform":{}}],"name":"water splat"},{"display":[{"path":"Right_hand1","type":"image","name":"Right_hand1","transform":{"y":-6.7924,"skX":28.6865,"skY":28.6865,"x":69.3944}}],"name":"Right_hand1"},{"display":[{"width":689,"triangles":[0,9,1,9,10,1,10,11,1,12,24,3,1,11,3,11,12,3,0,7,25,0,25,8,13,24,12,8,26,9,0,8,9,10,21,11,21,12,11,9,21,10,21,20,12,26,21,9,20,13,12,8,25,21,8,21,26,0,6,7,25,20,21,14,24,13,20,14,13,7,20,25,19,14,20,14,23,24,7,19,20,0,27,6,6,19,7,19,23,14,18,15,23,18,23,19,0,5,27,15,22,23,6,27,19,27,18,19,0,28,5,27,5,18,18,17,15,17,22,15,0,4,28,5,17,18,17,16,22,17,4,16,4,2,16,28,17,5,28,4,17],"uvs":[0,0,1,0,0,1,1,1,0,0.91714,0.06278,0.78475,0.13072,0.69679,0.17935,0.64117,0.23558,0.60193,0.27238,0.64328,0.28382,0.69286,0.28847,0.73213,0.26972,0.84703,0.23332,0.90526,0.18673,0.94904,0.11187,0.9739,0.05825,1,0.05702,0.90822,0.10165,0.85627,0.15117,0.79798,0.20487,0.76079,0.2479,0.7191,0.0821,1,0.14638,1,0.22134,1,0.207,0.61399,0.2544,0.62424,0.09432,0.7377,0.02819,0.86293],"type":"mesh","vertices":[-344.5,-147,344.5,-147,-344.5,147,344.5,147,-344.5,122.64,-301.25,83.72,-254.43,57.86,-220.93,41.5,-182.19,29.97,-156.83,42.12,-148.95,56.7,-145.74,68.25,-158.67,102.03,-183.74,119.15,-215.84,132.02,-267.42,139.33,-304.36,147,-305.21,120.02,-274.46,104.74,-240.35,87.6,-203.35,76.67,-173.7,64.42,-287.93,147,-243.64,147,-192,147,-201.88,33.51,-169.22,36.53,-279.51,69.88,-325.08,106.7],"transform":{"y":3.751,"skX":21.861,"skY":21.861,"x":355.982},"edges":[0,1,1,3,2,4,4,0,16,2,22,16,23,22,3,24,24,23],"userEdges":[],"path":"chappu","height":294,"name":"chappu"}],"name":"chappu"},{"display":[{"path":"left_hand2","type":"image","name":"left_hand2","transform":{"y":1.2215,"skX":109.7822,"skY":109.7822,"x":54.6246}}],"name":"left_hand2"}],"name":""}]}],"name":"Character2","version":"5.5"}