{"untitled.0010.png":"texture","Rafting 3D 1.prefab":"prefab","Rafting 3D 1.anim":"animation-clip","untitled.0011.png":"texture","untitled.0002.png":"texture","untitled.0001.png":"texture","untitled.0013.png":"texture","untitled.0005.png":"texture","untitled.0003.png":"texture","untitled.0004.png":"texture","untitled.0015.png":"texture","untitled.0009.png":"texture","untitled.0007.png":"texture","untitled.0008.png":"texture","untitled.0006.png":"texture","untitled.0012.png":"texture","untitled.0014.png":"texture","untitled.0016.png":"texture","untitled.0017.png":"texture","untitled.0018.png":"texture","untitled.0019.png":"texture","untitled.0020.png":"texture"}