{"frameRate":24,"name":"River_raft_animation","version":"5.5","compatibleVersion":"5.5","armature":[{"type":"Armature","frameRate":24,"name":"Armature","aabb":{"x":-101.31,"y":-73.86,"width":142.57,"height":82.65},"bone":[{"name":"root"},{"length":35,"name":"upper body","parent":"root","transform":{"x":0.35,"y":-4.1,"skX":-90,"skY":-90}},{"length":132,"name":"raft","parent":"root","transform":{"x":-73.55,"y":-7.45,"skX":-29.769,"skY":-29.769}},{"name":"water","parent":"root","transform":{"x":-80.3094,"y":1.1692}},{"length":30,"name":"bone","parent":"upper body","transform":{"x":33.6,"y":-14.4,"skX":-128.3675,"skY":-128.3675}},{"name":"right_hand_ik","parent":"raft","transform":{"x":112.5201,"y":2.3003,"skX":29.769,"skY":29.769}},{"name":"left_hand_ik","parent":"raft","transform":{"x":42.7645,"y":-1.2692,"skX":29.769,"skY":29.769}},{"length":25,"name":"head","parent":"upper body","transform":{"x":41.4,"y":0.7,"skX":-0.7727,"skY":-0.7727}},{"length":29,"name":"bone1","parent":"upper body","transform":{"x":25.8,"y":6.55,"skX":63.6082,"skY":63.6082}},{"length":20,"name":"bone2","parent":"bone1","transform":{"x":29.5833,"skX":-87.6142,"skY":-87.6142}},{"length":18,"name":"left_hand2 ","parent":"bone","transform":{"x":29.7513,"y":-0.0425,"skX":122.0106,"skY":122.0106}}],"slot":[{"name":"raft","parent":"raft"},{"name":"left_hand2 ","parent":"left_hand2 "},{"name":"left_hand1","parent":"bone"},{"name":"right_hand2","parent":"bone2"},{"name":"right_hand1","parent":"bone1"},{"name":"ass","parent":"root"},{"name":"head","parent":"head"},{"name":"upper body","parent":"upper body"},{"name":"water","parent":"water"}],"ik":[{"chain":1,"name":"bone_ik","bone":"left_hand2 ","target":"left_hand_ik"},{"bendPositive":false,"chain":1,"name":"bone_ik1","bone":"bone2","target":"right_hand_ik"}],"skin":[{"slot":[{"name":"raft","display":[{"name":"raft","transform":{"x":53.82,"y":0.17,"skX":-0.08,"skY":-0.08}}]},{"name":"left_hand1","display":[{"name":"left_hand1","transform":{"x":16.47,"y":0.8,"skX":-141.63,"skY":-141.63}}]},{"name":"right_hand1","display":[{"name":"right_hand1","transform":{"x":15.24,"y":0.65,"skX":26.39,"skY":26.39}}]},{"name":"water","display":[{"name":"water"}]},{"name":"left_hand2 ","display":[{"name":"left_hand2 ","transform":{"x":9.12,"y":1.49,"skX":96.36,"skY":96.36}}]},{"name":"right_hand2","display":[{"name":"right_hand2","transform":{"x":8.98,"y":-0.84,"skX":124.5,"skY":124.5}}]},{"name":"ass","display":[{"name":"ass","transform":{"x":-0.4,"y":-3.71}}]},{"name":"head","display":[{"name":"head","transform":{"x":10.86,"y":-0.09,"skX":90.77,"skY":90.77}}]},{"name":"upper body","display":[{"name":"upper body","transform":{"x":17.4,"y":-0.85,"skX":90,"skY":90}}]}]}],"animation":[{"duration":36,"playTimes":0,"name":"raft","bone":[{"name":"upper body","translateFrame":[{"duration":18,"tweenEasing":0,"y":0.17},{"duration":18,"tweenEasing":0,"x":-0.17,"y":-0.79},{"duration":0,"y":0.17}]},{"name":"raft","translateFrame":[{"duration":6,"curve":[0,0,0.5,1],"x":-1.42},{"duration":6,"curve":[0,0,0.5,1],"x":5.51,"y":-5.33},{"duration":6,"curve":[0.5,0,1,1],"x":5.51,"y":-8.36},{"duration":6,"curve":[0.5,0,1,1],"x":-1.99,"y":-8.36},{"duration":6,"curve":[0.5,0,1,1],"x":-11.03,"y":0.82},{"duration":6,"curve":[0,0,0.5,1],"x":-8.42,"y":6.02},{"duration":0,"x":-1.42}]},{"name":"head","translateFrame":[{"duration":18,"tweenEasing":0,"x":-1.23},{"duration":18,"tweenEasing":0,"x":-0.03},{"duration":0,"x":-1.23}]}]},{"duration":36,"playTimes":0,"name":"Raft_smooth_anim","bone":[{"name":"upper body","translateFrame":[{"duration":18,"tweenEasing":0},{"duration":18,"tweenEasing":0,"y":2.1},{"duration":0}]},{"name":"raft","translateFrame":[{"duration":18,"curve":[0,0,0.5,1],"x":-8.81,"y":-13.67},{"duration":18,"curve":[0,0,0.5,1],"x":7.36,"y":40.29},{"duration":0,"x":-8.81,"y":-13.67}],"rotateFrame":[{"duration":18,"tweenEasing":0,"rotate":3.45},{"duration":18,"tweenEasing":0,"rotate":-27.92},{"duration":0,"rotate":3.45}]},{"name":"right_hand_ik","translateFrame":[{"duration":24,"tweenEasing":0,"x":1.42,"y":-1.21},{"duration":6,"tweenEasing":0,"x":0.34,"y":-0.22},{"duration":6,"tweenEasing":0,"x":-1.01,"y":1.82},{"duration":0,"x":1.42,"y":-1.21}]},{"name":"head","translateFrame":[{"duration":18,"tweenEasing":0,"x":-0.38},{"duration":18,"tweenEasing":0,"x":-0.76},{"duration":0,"x":-0.38}]}]},{"duration":36,"playTimes":0,"name":"raft_2","bone":[{"name":"upper body","translateFrame":[{"duration":18,"tweenEasing":0,"y":0.17},{"duration":18,"tweenEasing":0,"x":-0.17,"y":-0.79},{"duration":0,"y":0.17}]},{"name":"raft","translateFrame":[{"duration":6,"curve":[0.5,0,1,1],"x":5.51,"y":-8.36},{"duration":6,"curve":[0.5,0,1,1],"x":-1.99,"y":-8.36},{"duration":6,"curve":[0.5,0,1,1],"x":-11.03,"y":0.82},{"duration":6,"curve":[0,0,0.5,1],"x":-8.42,"y":6.02},{"duration":6,"tweenEasing":0,"x":-1.42},{"duration":6,"curve":[0,0,0.5,1],"x":-1.42},{"duration":0,"x":5.51,"y":-5.33}]},{"name":"head","translateFrame":[{"duration":18,"tweenEasing":0,"x":-1.23},{"duration":18,"tweenEasing":0,"x":-0.03},{"duration":0,"x":-1.23}]}]},{"duration":36,"playTimes":0,"name":"raft_3","bone":[{"name":"upper body","translateFrame":[{"duration":18,"tweenEasing":0,"y":0.17},{"duration":18,"tweenEasing":0,"x":-0.17,"y":-0.79},{"duration":0,"y":0.17}]},{"name":"raft","translateFrame":[{"duration":12,"curve":[0,0,0.5,1],"x":5.04,"y":-4.02},{"duration":6,"curve":[0.5,0,1,1],"x":9.25,"y":5.82},{"duration":6,"curve":[0,0,0.5,1],"x":7.23,"y":15.18},{"duration":8,"curve":[0.5,0,0.5,1],"x":-1.58,"y":20.26},{"duration":4,"tweenEasing":0,"x":6.48,"y":-0.16},{"duration":0,"x":5.51,"y":-5.33}],"rotateFrame":[{"duration":18,"tweenEasing":0,"rotate":-0.23},{"duration":18,"tweenEasing":0,"rotate":-15.23},{"duration":0,"rotate":-0.23}]},{"name":"head","translateFrame":[{"duration":18,"tweenEasing":0,"x":-1.23},{"duration":18,"tweenEasing":0,"x":-0.03},{"duration":0,"x":-1.23}]}]},{"duration":36,"playTimes":0,"name":"Raft_smooth_2","bone":[{"name":"upper body","translateFrame":[{"duration":18,"tweenEasing":0},{"duration":18,"tweenEasing":0,"y":2.1},{"duration":0}],"rotateFrame":[{"duration":18,"curve":[0.5,0,0.5,1],"rotate":5},{"duration":18,"curve":[0.5,0,0.5,1],"rotate":-5},{"duration":0,"rotate":5}]},{"name":"raft","translateFrame":[{"duration":18,"curve":[0.5,0,0.5,1],"x":7.36,"y":40.29},{"duration":18,"curve":[0.5,0,0.5,1],"x":-8.81,"y":-13.67},{"duration":0,"x":7.36,"y":40.29}],"rotateFrame":[{"duration":18,"curve":[0.5,0,0.5,1],"rotate":-27.92},{"duration":18,"curve":[0.5,0,0.5,1],"rotate":3.45},{"duration":0,"rotate":-27.92}]},{"name":"right_hand_ik","translateFrame":[{"duration":24,"tweenEasing":0,"x":1.42,"y":-1.21},{"duration":6,"tweenEasing":0,"x":0.34,"y":-0.22},{"duration":6,"tweenEasing":0,"x":-1.01,"y":1.82},{"duration":0,"x":1.42,"y":-1.21}]},{"name":"head","translateFrame":[{"duration":18,"tweenEasing":0,"x":-0.38},{"duration":18,"tweenEasing":0,"x":-0.76},{"duration":0,"x":-0.38}],"rotateFrame":[{"duration":18,"curve":[0.5,0,0.5,1],"rotate":10.77},{"duration":18,"curve":[0.5,0,0.5,1],"rotate":0.77},{"duration":0,"rotate":10.77}]},{"name":"left_hand_ik","translateFrame":[{"duration":30,"tweenEasing":0,"x":1.17,"y":2.55},{"duration":6,"tweenEasing":0,"x":-0.29,"y":0.23},{"duration":0,"x":1.17,"y":2.55}]},{"name":"water","translateFrame":[{"duration":36,"x":-0.68,"y":14.64}],"scaleFrame":[{"duration":23,"curve":[0.5,0,1,1],"x":0.01,"y":0.01},{"duration":9,"curve":[0.5,0,1,1],"x":0.01,"y":0.01},{"duration":4,"curve":[0,0,0.5,1]},{"duration":0,"x":0.01,"y":0.01}]}]}],"defaultActions":[{"gotoAndPlay":"raft"}]}]}